ForkID,CommitTimestamp,LinesChanged
fork1,2024-10-15T08:02:04Z,179
fork1,2024-10-15T07:54:28Z,8
fork1,2024-10-15T07:33:38Z,13
fork1,2024-10-15T07:21:25Z,10
fork1,2024-10-15T07:17:17Z,22
fork1,2024-10-15T07:13:24Z,12
fork1,2024-10-15T07:10:24Z,15
fork1,2024-10-15T02:07:18Z,32
fork1,2024-10-10T19:47:03Z,10
fork2,2024-10-12T21:36:02Z,15
fork2,2024-10-12T19:48:59Z,1
fork2,2024-10-10T21:56:18Z,13
fork2,2024-10-10T21:21:12Z,18
fork2,2024-10-10T20:42:49Z,1
fork2,2024-10-10T19:47:03Z,10
fork3,2024-10-15T06:14:16Z,2
fork3,2024-10-15T06:12:45Z,1
fork3,2024-10-15T06:11:22Z,10
fork3,2024-10-14T20:45:00Z,19
fork3,2024-10-14T20:43:17Z,22
fork3,2024-10-14T19:06:34Z,1
fork3,2024-10-10T23:58:06Z,12
fork3,2024-10-10T23:09:44Z,21
fork3,2024-10-10T21:34:38Z,14
fork3,2024-10-10T20:45:29Z,2
fork3,2024-10-10T19:47:03Z,10
fork4,2024-10-10T19:47:03Z,10
fork5,2024-10-12T21:15:15Z,27
fork5,2024-10-12T21:10:12Z,16
fork5,2024-10-12T21:05:58Z,14
fork5,2024-10-10T21:24:46Z,27
fork5,2024-10-10T21:03:02Z,1
fork5,2024-10-10T21:02:15Z,19
fork5,2024-10-10T20:57:29Z,6
fork5,2024-10-10T20:50:16Z,3
fork5,2024-10-10T20:40:05Z,2
fork5,2024-10-10T19:47:03Z,10
fork6,2024-10-10T19:47:03Z,10
fork7,2024-10-10T19:47:03Z,10
fork8,2024-10-10T20:46:27Z,2
fork8,2024-10-10T19:47:03Z,10
fork9,2024-10-10T21:12:01Z,15
fork9,2024-10-10T20:47:10Z,2
fork9,2024-10-10T19:47:03Z,10
fork10,2024-10-13T02:36:38Z,8
fork10,2024-10-13T01:46:32Z,28
fork10,2024-10-13T01:20:47Z,140
fork10,2024-10-12T21:21:11Z,23
fork10,2024-10-12T20:56:33Z,18
fork10,2024-10-11T17:49:23Z,55
fork10,2024-10-11T02:33:30Z,21
fork10,2024-10-11T01:58:42Z,12
fork10,2024-10-10T21:51:08Z,8
fork10,2024-10-10T19:47:03Z,10
fork11,2024-10-10T21:12:21Z,61
fork11,2024-10-10T19:47:03Z,10
fork12,2024-10-10T19:47:03Z,10
fork13,2024-10-10T20:43:07Z,1
fork13,2024-10-10T19:47:03Z,10
fork14,2024-10-11T02:08:25Z,2
fork14,2024-10-11T01:58:48Z,2
fork14,2024-10-11T01:55:51Z,2
fork14,2024-10-11T01:44:09Z,7
fork14,2024-10-11T01:39:22Z,10
fork14,2024-10-11T01:32:45Z,5
fork14,2024-10-11T01:25:15Z,6
fork14,2024-10-11T01:21:26Z,6
fork14,2024-10-11T01:15:13Z,3
fork14,2024-10-11T01:11:35Z,4
fork14,2024-10-11T00:55:17Z,6
fork14,2024-10-11T00:46:33Z,13
fork14,2024-10-11T00:36:33Z,14
fork14,2024-10-11T00:21:11Z,4
fork14,2024-10-11T00:17:07Z,8
fork14,2024-10-11T00:03:14Z,7
fork14,2024-10-10T23:59:03Z,7
fork14,2024-10-10T23:52:52Z,2
fork14,2024-10-10T23:48:57Z,4
fork14,2024-10-10T23:45:19Z,7
fork14,2024-10-10T23:32:14Z,2
fork14,2024-10-10T23:26:22Z,6
fork14,2024-10-10T23:23:23Z,2
fork14,2024-10-10T23:20:34Z,10
fork14,2024-10-10T23:15:53Z,6
fork14,2024-10-10T23:08:32Z,4
fork14,2024-10-10T20:44:11Z,2
fork14,2024-10-10T19:47:03Z,10
fork15,2024-10-15T01:28:31Z,8
fork15,2024-10-14T23:35:24Z,7
fork15,2024-10-14T23:27:26Z,2
fork15,2024-10-14T23:08:53Z,10
fork15,2024-10-14T22:56:04Z,11
fork15,2024-10-14T22:41:17Z,11
fork15,2024-10-14T21:55:14Z,4
fork15,2024-10-14T21:48:01Z,9
fork15,2024-10-14T21:10:59Z,1
fork15,2024-10-14T21:10:06Z,2
fork15,2024-10-14T21:02:50Z,10
fork15,2024-10-10T20:39:10Z,2
fork15,2024-10-10T19:47:03Z,10
fork16,2024-10-15T00:31:07Z,12
fork16,2024-10-14T21:31:00Z,21
fork16,2024-10-14T21:07:59Z,52
fork16,2024-10-14T19:42:18Z,4
fork16,2024-10-14T19:24:31Z,9
fork16,2024-10-14T19:09:12Z,9
fork16,2024-10-10T21:23:28Z,15
fork16,2024-10-10T21:14:50Z,31
fork16,2024-10-10T20:41:25Z,5
fork16,2024-10-10T19:47:03Z,10
fork17,2024-10-10T21:26:19Z,2
fork17,2024-10-10T21:21:12Z,9
fork17,2024-10-10T21:13:41Z,14
fork17,2024-10-10T20:37:59Z,60
fork17,2024-10-10T19:47:03Z,10
fork18,2024-10-14T18:38:09Z,4
fork18,2024-10-10T22:16:26Z,2
fork18,2024-10-10T21:28:46Z,9
fork18,2024-10-10T21:14:36Z,12
fork18,2024-10-10T20:41:00Z,4
fork18,2024-10-10T19:47:03Z,10
fork19,2024-10-10T21:31:47Z,11
fork19,2024-10-10T21:17:27Z,10
fork19,2024-10-10T20:52:16Z,2
fork19,2024-10-10T19:47:03Z,10
fork20,2024-10-10T20:56:33Z,8
fork20,2024-10-10T20:35:09Z,4
fork20,2024-10-10T19:47:03Z,10
fork21,2024-10-14T01:23:14Z,8
fork21,2024-10-14T01:19:18Z,5
fork21,2024-10-14T01:08:52Z,1
fork21,2024-10-14T01:05:47Z,1
fork21,2024-10-14T00:48:17Z,3
fork21,2024-10-14T00:43:43Z,9
fork21,2024-10-14T00:35:42Z,6
fork21,2024-10-14T00:06:10Z,2
fork21,2024-10-14T00:02:50Z,9
fork21,2024-10-13T22:36:28Z,2
fork21,2024-10-13T21:40:18Z,9
fork21,2024-10-13T21:35:12Z,9
fork21,2024-10-10T20:54:46Z,4
fork21,2024-10-10T20:43:06Z,2
fork21,2024-10-10T19:47:03Z,10
fork22,2024-10-12T00:10:09Z,1533
fork22,2024-10-11T23:41:52Z,21
fork22,2024-10-11T21:05:57Z,3
fork22,2024-10-11T18:42:49Z,26
fork22,2024-10-10T22:12:56Z,7
fork22,2024-10-10T21:53:56Z,2
fork22,2024-10-10T21:48:24Z,23
fork22,2024-10-10T21:31:28Z,12
fork22,2024-10-10T21:22:35Z,14
fork22,2024-10-10T20:41:48Z,2
fork22,2024-10-10T19:47:03Z,10
fork23,2024-10-10T20:56:41Z,5
fork23,2024-10-10T19:47:03Z,10
fork24,2024-10-14T21:23:33Z,64
fork24,2024-10-14T20:30:13Z,19
fork24,2024-10-10T21:28:53Z,24
fork24,2024-10-10T20:35:58Z,2
fork24,2024-10-10T19:47:03Z,10
fork25,2024-10-10T19:47:03Z,10
fork26,2024-10-10T21:48:11Z,11
fork26,2024-10-10T21:34:55Z,16
fork26,2024-10-10T20:56:50Z,9
fork26,2024-10-10T20:49:36Z,12
fork26,2024-10-10T20:43:28Z,9
fork26,2024-10-10T20:33:53Z,1
fork26,2024-10-10T19:47:03Z,10
